{"accuracy": 0.6994307400379507, "precision": 0.9670286491020027, "recall": 0.6994307400379506, "f1_score": 0.8081927996964663, "roc_auc": 0.5943624363947806, "confusion_matrix": [[1827, 762], [30, 16]]}